{"products":[{"id":"0.3415047596240943","qty":1}],"totalPrice":121.19999999999999}